image,corrected_total,corrected_forbidden,corrected_legal
2026-02-26/2026-02-26_1810.jpg,5,0,5
2026-02-26/2026-02-26_0909.jpg,25,0,25
2026-02-25/2026-02-25_0931.jpg,32,1,31
2026-02-25/2026-02-25_1221.jpg,36,2,34
2026-02-25/2026-02-25_1021.jpg,32,2,30
2026-02-25/2026-02-25_1001.jpg,33,1,32
2026-02-25/2026-02-25_1111.jpg,36,3,33
2026-02-25/2026-02-25_1031.jpg,36,2,34
2026-02-25/2026-02-25_1141.jpg,33,2,31
2026-02-25/2026-02-25_1041.jpg,35,3,32
2026-02-25/2026-02-25_1101.jpg,36,3,33
2026-02-25/2026-02-25_1131.jpg,35,3,32
2026-02-25/2026-02-25_1121.jpg,37,3,34
2026-02-25/2026-02-25_1051.jpg,34,3,31
2026-02-25/2026-02-25_1301.jpg,35,3,32
2026-02-25/2026-02-25_1011.jpg,34,2,32
2026-02-25/2026-02-25_0901.jpg,32,1,31
2026-02-25/2026-02-25_0941.jpg,32,1,31
2026-02-25/2026-02-25_0951.jpg,33,1,32
2026-02-25/2026-02-25_1211.jpg,34,1,33
2026-02-25/2026-02-25_1241.jpg,35,2,33
2026-02-25/2026-02-25_1751.jpg,10,0,10
2026-02-25/2026-02-25_1401.jpg,31,2,29
2026-02-25/2026-02-25_1411.jpg,31,2,29
2026-02-25/2026-02-25_1251.jpg,35,1,34
2026-02-25/2026-02-25_1201.jpg,35,2,33
2026-02-25/2026-02-25_1151.jpg,34,2,32
2026-02-25/2026-02-25_0841.jpg,30,1,29
2026-02-25/2026-02-25_1421.jpg,31,2,29
2026-02-25/2026-02-25_0921.jpg,35,2,33
2026-02-25/2026-02-25_0821.jpg,29,0,29
2026-02-25/2026-02-25_1231.jpg,33,2,31
2026-02-25/2026-02-25_1341.jpg,31,2,29
2026-02-25/2026-02-25_1321.jpg,31,2,29
2026-02-25/2026-02-25_0831.jpg,28,1,27
2026-02-25/2026-02-25_0911.jpg,26,1,25
2026-02-25/2026-02-25_1311.jpg,31,2,29
2026-02-25/2026-02-25_1351.jpg,30,2,28
2026-02-25/2026-02-25_1331.jpg,32,2,30
2026-02-25/2026-02-25_0811.jpg,29,1,28
2026-02-25/2026-02-25_0851.jpg,29,1,28
2026-02-25/2026-02-25_1431.jpg,28,2,26
2026-02-25/2026-02-25_1451.jpg,27,2,25
2026-02-25/2026-02-25_1441.jpg,28,2,26
2026-02-25/2026-02-25_0801.jpg,28,2,26
2026-02-25/2026-02-25_1741.jpg,11,1,10
2026-02-25/2026-02-25_1501.jpg,26,2,24
2026-02-25/2026-02-25_0751.jpg,23,1,22
2026-02-25/2026-02-25_0741.jpg,20,1,19
2026-02-25/2026-02-25_1731.jpg,11,1,10
2026-02-25/2026-02-25_1641.jpg,18,1,17
2026-02-25/2026-02-25_1511.jpg,26,2,24
2026-02-25/2026-02-25 07_16_16.jpg,12,1,11
2026-02-25/2026-02-25_1621.jpg,17,1,16
2026-02-25/2026-02-25_1531.jpg,23,1,22
2026-02-25/2026-02-25_1651.jpg,17,1,16
2026-02-25/2026-02-25_0723.jpg,15,1,14
2026-02-25/2026-02-25_0731.jpg,18,1,17
2026-02-25/2026-02-25_1721.jpg,13,1,12
2026-02-25/2026-02-25_1521.jpg,25,1,24
2026-02-25/2026-02-25_1711.jpg,16,1,15
2026-02-25/2026-02-25 07_06_16.jpg,11,1,10
2026-02-25/2026-02-25_1701.jpg,17,1,16
2026-02-25/2026-02-25_1801.jpg,1,0,1
2026-02-25/2026-02-25_1611.jpg,17,0,17
2026-02-25/2026-02-25_1631.jpg,16,0,16
2026-02-25/2026-02-25_1551.jpg,21,0,21
2026-02-25/2026-02-25_1541.jpg,22,0,22
2026-02-25/2026-02-25_1601.jpg,20,0,20
2026-02-20/2026-02-20 17_46_14.jpg,3,0,3
2026-02-20/2026-02-20 17_56_14.jpg,0,0,0
2026-02-20/2026-02-20 17_36_13.jpg,4,0,4
2026-02-20/2026-02-20 09_46_01.jpg,27,0,27
2026-02-20/2026-02-20 09_16_00.jpg,25,1,24
2026-02-20/2026-02-20 11_06_03.jpg,28,1,27
2026-02-20/2026-02-20 10_46_02.jpg,28,1,27
2026-02-20/2026-02-20 07_45_58.jpg,16,0,16
2026-02-20/2026-02-20 07_55_58.jpg,22,0,22
2026-02-20/2026-02-20 08_05_58.jpg,24,0,24
2026-02-20/2026-02-20 10_16_02.jpg,29,1,28
2026-02-20/2026-02-20 16_26_12.jpg,9,0,9
2026-02-20/2026-02-20 10_36_02.jpg,27,0,27
2026-02-20/2026-02-20 10_56_03.jpg,24,1,23
2026-02-20/2026-02-20 10_26_02.jpg,28,1,27
2026-02-20/2026-02-20 10_06_01.jpg,29,1,28
2026-02-20/2026-02-20 09_56_01.jpg,27,0,27
2026-02-20/2026-02-20 09_06_00.jpg,23,0,23
2026-02-20/2026-02-20 11_26_04.jpg,27,1,26
2026-02-20/2026-02-20 12_26_05.jpg,27,1,26
2026-02-20/2026-02-20 09_26_00.jpg,26,1,25
2026-02-20/2026-02-20 11_16_03.jpg,27,0,27
2026-02-20/2026-02-20 09_36_01.jpg,27,1,26
2026-02-20/2026-02-20 11_36_04.jpg,26,1,25
2026-02-20/2026-02-20 12_16_05.jpg,27,1,26
2026-02-20/2026-02-20 08_15_58.jpg,14,1,13
2026-02-20/2026-02-20 11_56_04.jpg,26,1,25
2026-02-20/2026-02-20 08_56_00.jpg,22,1,21
2026-02-20/2026-02-20 13_16_07.jpg,27,1,26
2026-02-20/2026-02-20 12_06_05.jpg,26,1,25
2026-02-20/2026-02-20 14_26_08.jpg,21,0,21
2026-02-20/2026-02-20 14_16_08.jpg,21,1,20
2026-02-20/2026-02-20 11_46_04.jpg,26,1,25
2026-02-20/2026-02-20 08_45_59.jpg,20,1,19
2026-02-20/2026-02-20 12_36_05.jpg,26,1,25
2026-02-20/2026-02-20 17_26_13.jpg,4,0,4
2026-02-20/2026-02-20 14_36_08.jpg,20,1,19
2026-02-20/2026-02-20 17_16_13.jpg,6,0,6
2026-02-20/2026-02-20 13_46_07.jpg,23,1,22
2026-02-20/2026-02-20 13_56_08.jpg,23,1,22
2026-02-20/2026-02-20 08_35_59.jpg,19,0,19
2026-02-20/2026-02-20 12_46_06.jpg,27,1,26
2026-02-20/2026-02-20 16_06_11.jpg,11,0,11
2026-02-20/2026-02-20 14_06_08.jpg,21,1,20
2026-02-20/2026-02-20 13_36_07.jpg,23,1,22
2026-02-20/2026-02-20 13_26_07.jpg,26,1,25
2026-02-20/2026-02-20 13_06_06.jpg,28,1,27
2026-02-20/2026-02-20 16_36_12.jpg,8,0,8
2026-02-20/2026-02-20 15_56_11.jpg,15,1,14
2026-02-20/2026-02-20 08_25_59.jpg,16,1,15
2026-02-20/2026-02-20 12_56_06.jpg,26,1,25
2026-02-20/2026-02-20 15_16_10.jpg,15,1,14
2026-02-20/2026-02-20 16_16_11.jpg,10,0,10
2026-02-20/2026-02-20 15_46_11.jpg,15,1,14
2026-02-20/2026-02-20 15_26_10.jpg,14,1,13
2026-02-20/2026-02-20 16_46_12.jpg,9,0,9
2026-02-20/2026-02-20 17_06_13.jpg,7,0,7
2026-02-20/2026-02-20 14_56_09.jpg,17,1,16
2026-02-20/2026-02-20 15_06_09.jpg,16,1,15
2026-02-20/2026-02-20 14_46_09.jpg,20,1,19
2026-02-20/2026-02-20 15_36_10.jpg,15,1,14
2026-02-20/2026-02-20 16_56_12.jpg,7,0,7
2026-02-24/2026-02-24 17_55_36.jpg,4,0,4
2026-02-24/2026-02-24 18_05_37.jpg,2,0,2
2026-02-24/2026-02-24 13_25_29.jpg,35,2,33
2026-02-24/2026-02-24 12_25_28.jpg,33,1,32
2026-02-24/2026-02-24 09_15_23.jpg,31,1,30
2026-02-24/2026-02-24 17_45_36.jpg,10,0,10
2026-02-24/2026-02-24 09_35_23.jpg,35,1,34
2026-02-24/2026-02-24 13_55_30.jpg,33,2,31
2026-02-24/2026-02-24 10_25_24.jpg,35,1,34
2026-02-24/2026-02-24 10_05_24.jpg,36,3,33
2026-02-24/2026-02-24 11_35_26.jpg,31,0,31
2026-02-24/2026-02-24 12_35_28.jpg,31,1,30
2026-02-24/2026-02-24 14_25_31.jpg,33,2,31
2026-02-24/2026-02-24 11_05_25.jpg,33,1,32
2026-02-27/2026-02-27_1811.jpg,2,0,2
2026-02-27/2026-02-27_1821.jpg,2,0,2
2026-02-27/2026-02-27_1831.jpg,2,0,2
2026-02-27/2026-02-27_1841.jpg,2,0,2
2026-02-27/2026-02-27_1851.jpg,2,0,2
2026-03-02/2026-03-02_1823.jpg,0,0,0
2026-03-02/2026-03-02_1833.jpg,0,0,0
2026-03-02/2026-03-02_1843.jpg,0,0,0
2026-03-02/2026-03-02_1853.jpg,0,0,0
2026-03-03/2026-03-03_1825.jpg,2,0,2
2026-03-03/2026-03-03_1835.jpg,2,0,2
2026-03-03/2026-03-03_1845.jpg,1,0,1
2026-03-03/2026-03-03_1855.jpg,0,0,0
2026-03-04/2026-03-04_1811.jpg,4,0,4
2026-03-04/2026-03-04_1831.jpg,2,0,2
2026-03-04/2026-03-04_1841.jpg,2,0,2
2026-03-06/2026-03-06_1814.jpg,1,0,1
2026-03-06/2026-03-06_1824.jpg,1,0,1
2026-03-06/2026-03-06_1834.jpg,1,0,1
2026-03-06/2026-03-06_1844.jpg,1,0,1
2026-03-06/2026-03-06_1854.jpg,0,0,0
2026-03-09/2026-03-09_1839.jpg,3,0,3
2026-03-09/2026-03-09_1849.jpg,3,0,3
2026-03-09/2026-03-09_1859.jpg,3,0,3
2026-03-10/2026-03-10_1810.jpg,3,0,3
2026-03-10/2026-03-10_1820.jpg,2,0,2
2026-03-10/2026-03-10_1830.jpg,0,0,0
2026-03-10/2026-03-10_1840.jpg,0,0,0
2026-03-10/2026-03-10_1850.jpg,0,0,0
2026-03-11/2026-03-11_1832.jpg,2,0,2
2026-03-11/2026-03-11_1842.jpg,4,0,4
2026-03-11/2026-03-11_1852.jpg,4,0,4
2026-03-12/2026-03-12_1834.jpg,6,0,6
2026-03-12/2026-03-12_1844.jpg,5,0,5
2026-03-12/2026-03-12_1854.jpg,4,0,4
2026-03-13/2026-03-13_1839.jpg,0,0,0
2026-03-13/2026-03-13_1849.jpg,0,0,0
2026-03-13/2026-03-13_1859.jpg,0,0,0
2026-03-17/2026-03-17_1853.jpg,3,0,3
2026-03-18/2026-03-18_1836.jpg,2,0,2
2026-03-18/2026-03-18_1846.jpg,2,0,2
2026-03-19/2026-03-19_1844.jpg,3,0,3
2026-03-20/2026-03-20_1850.jpg,1,0,1
2026-03-24/2026-03-24_1848.jpg,3,0,3
2026-03-24/2026-03-24_1858.jpg,4,0,4
2026-03-25/2026-03-25_1844.jpg,3,0,3
2026-03-25/2026-03-25_1854.jpg,3,0,3
2026-03-26/2026-03-26_1842.jpg,0,0,0
2026-03-26/2026-03-26_1852.jpg,0,0,0
2026-03-04/2026-03-04_1851.jpg,2,0,2
2026-03-04/2026-03-04_1821.jpg,3,0,3
2026-03-09/2026-03-09_1829.jpg,2,0,2
2026-03-02/2026-03-02_1813.jpg,2,0,2
2026-03-11/2026-03-11_1822.jpg,8,0,8
2026-03-19/2026-03-19_1023.jpg,32,1,31
2026-03-05/2026-03-05_1132.jpg,33,2,31
2026-03-19/2026-03-19_1103.jpg,33,1,32
2026-03-09/2026-03-09_1039.jpg,34,3,31
2026-03-09/2026-03-09_1049.jpg,34,3,31
2026-03-19/2026-03-19_1033.jpg,33,1,32
2026-03-05/2026-03-05_1122.jpg,35,2,33
2026-03-12/2026-03-12_1824.jpg,5,0,5
2026-03-09/2026-03-09_1029.jpg,35,3,32
2026-03-05/2026-03-05_1032.jpg,33,2,31
2026-03-05/2026-03-05_1832.jpg,3,0,3
2026-03-11/2026-03-11_1012.jpg,33,1,32
2026-03-10/2026-03-10_1029.jpg,36,1,35
2026-03-03/2026-03-03_1815.jpg,5,0,5
2026-03-05/2026-03-05_1042.jpg,35,2,33
2026-03-26/2026-03-26_1832.jpg,2,0,2
2026-03-19/2026-03-19_1133.jpg,35,2,33
2026-03-20/2026-03-20_1820.jpg,3,0,3
2026-03-09/2026-03-09_1059.jpg,31,3,28
2026-03-19/2026-03-19_1323.jpg,34,1,33
2026-03-11/2026-03-11_1002.jpg,33,0,33
2026-03-05/2026-03-05_0952.jpg,33,2,31
2026-02-27/2026-02-27_1751.jpg,3,0,3
2026-03-06/2026-03-06_1033.jpg,32,0,32
2026-03-05/2026-03-05_1112.jpg,34,2,32
2026-03-19/2026-03-19_1153.jpg,35,2,33
2026-03-04/2026-03-04_1031.jpg,31,0,31
2026-03-20/2026-03-20_1000.jpg,30,0,30
2026-03-05/2026-03-05_1022.jpg,35,2,33
2026-03-19/2026-03-19_1053.jpg,34,2,32
2026-03-05/2026-03-05_1052.jpg,34,2,32
2026-03-05/2026-03-05_1002.jpg,36,2,34
2026-03-11/2026-03-11_0942.jpg,35,0,35
2026-03-19/2026-03-19_1013.jpg,33,1,32
2026-03-06/2026-03-06_1043.jpg,33,0,33
2026-03-19/2026-03-19_0953.jpg,34,0,34
2026-03-04/2026-03-04_0931.jpg,33,0,33
2026-03-05/2026-03-05_1102.jpg,33,2,31
2026-03-06/2026-03-06_1053.jpg,33,0,33
2026-03-10/2026-03-10_1059.jpg,36,2,34
2026-03-02/2026-03-02_1042.jpg,34,3,31
2026-03-09/2026-03-09_1109.jpg,38,4,34
2026-03-09/2026-03-09_1019.jpg,36,3,33
2026-03-11/2026-03-11_1022.jpg,35,1,34
2026-03-19/2026-03-19_1123.jpg,34,1,33
2026-03-24/2026-03-24_1838.jpg,3,0,3
2026-03-05/2026-03-05_1012.jpg,34,2,32
2026-03-18/2026-03-18_0615.jpg,4,0,4
2026-03-10/2026-03-10_1019.jpg,37,3,34
2026-03-05/2026-03-05_1852.jpg,2,0,2
2026-03-26/2026-03-26_1412.jpg,33,1,32
2026-03-04/2026-03-04_1051.jpg,34,0,34
2026-03-03/2026-03-03_1104.jpg,37,2,35
2026-03-19/2026-03-19_1203.jpg,37,2,35
2026-02-27/2026-02-27_1101.jpg,33,0,33
2026-03-11/2026-03-11_1112.jpg,36,2,34
2026-03-04/2026-03-04_1101.jpg,32,1,31
2026-03-10/2026-03-10_1119.jpg,34,1,33
2026-03-19/2026-03-19_1003.jpg,32,0,32
2026-03-06/2026-03-06_1003.jpg,33,0,33
2026-03-19/2026-03-19_1043.jpg,35,1,34
2026-03-20/2026-03-20_0950.jpg,31,1,30
2026-03-26/2026-03-26_1342.jpg,35,1,34
2026-03-26/2026-03-26_1422.jpg,35,1,34
2026-03-09/2026-03-09_1159.jpg,38,4,34
2026-03-10/2026-03-10_1350.jpg,33,0,33
2026-03-26/2026-03-26_1432.jpg,33,2,31
2026-03-20/2026-03-20_1010.jpg,30,0,30
2026-03-26/2026-03-26_1102.jpg,33,2,31
2026-03-20/2026-03-20_0930.jpg,29,0,29
2026-03-19/2026-03-19_1313.jpg,37,1,36
2026-03-04/2026-03-04_1011.jpg,32,0,32
2026-03-20/2026-03-20_1030.jpg,31,0,31
2026-03-02/2026-03-02_1012.jpg,33,3,30
2026-03-06/2026-03-06_0943.jpg,33,0,33
2026-03-04/2026-03-04_1751.jpg,9,0,9
2026-03-09/2026-03-09_1819.jpg,4,0,4
2026-03-06/2026-03-06_0953.jpg,33,0,33
2026-03-11/2026-03-11_1032.jpg,35,1,34
2026-03-09/2026-03-09_1119.jpg,35,4,31
2026-03-24/2026-03-24_0938.jpg,37,3,34
2026-03-04/2026-03-04_1021.jpg,32,0,32
2026-03-19/2026-03-19_1403.jpg,35,2,33
2026-03-19/2026-03-19_0913.jpg,31,0,31
2026-03-11/2026-03-11_0932.jpg,26,1,25
2026-03-26/2026-03-26_1112.jpg,30,2,28
2026-03-04/2026-03-04_1121.jpg,29,1,28
2026-03-06/2026-03-06_1013.jpg,21,1,20
2026-02-27/2026-02-27_1011.jpg,27,1,26
2026-03-02/2026-03-02_1132.jpg,24,3,21
2026-03-06/2026-03-06_1023.jpg,24,1,23
2026-03-09/2026-03-09_1139.jpg,25,4,21
2026-03-26/2026-03-26_1042.jpg,31,2,29
2026-03-09/2026-03-09_1129.jpg,37,4,33
2026-03-02/2026-03-02_1032.jpg,35,3,32
2026-03-20/2026-03-20_0910.jpg,29,0,29
2026-03-10/2026-03-10_0949.jpg,33,0,33
2026-03-02/2026-03-02_0952.jpg,32,1,31
2026-03-19/2026-03-19_1213.jpg,34,1,33
2026-03-24/2026-03-24_1108.jpg,36,3,33
2026-03-11/2026-03-11_1052.jpg,35,1,34
2026-03-18/2026-03-18_0915.jpg,33,1,32
2026-03-26/2026-03-26_1402.jpg,34,1,33
2026-03-04/2026-03-04_0941.jpg,33,0,33
2026-03-03/2026-03-03_1054.jpg,37,2,35
2026-03-05/2026-03-05_1822.jpg,4,0,4
2026-03-10/2026-03-10_1109.jpg,33,1,32
2026-03-24/2026-03-24_1128.jpg,37,3,34
2026-03-10/2026-03-10_0929.jpg,33,0,33
2026-03-09/2026-03-09_1239.jpg,39,4,35
2026-03-06/2026-03-06_0933.jpg,32,0,32
2026-03-04/2026-03-04_1001.jpg,34,0,34
2026-03-05/2026-03-05_1202.jpg,36,2,34
2026-03-24/2026-03-24_0928.jpg,36,3,33
2026-03-17/2026-03-17_1843.jpg,3,0,3
2026-03-26/2026-03-26_1032.jpg,36,2,34
2026-03-25/2026-03-25_1834.jpg,5,0,5
2026-03-02/2026-03-02_1122.jpg,34,4,30
2026-03-06/2026-03-06_1103.jpg,32,0,32
2026-03-10/2026-03-10_1009.jpg,34,1,33
2026-03-02/2026-03-02_1152.jpg,35,3,32
2026-03-04/2026-03-04_1131.jpg,32,1,31
2026-03-11/2026-03-11_1042.jpg,34,1,33
2026-03-19/2026-03-19_1303.jpg,36,1,35
2026-03-11/2026-03-11_1102.jpg,35,1,34
2026-03-04/2026-03-04_1111.jpg,32,1,31
2026-02-27/2026-02-27_1031.jpg,32,0,32
2026-03-11/2026-03-11_0952.jpg,34,0,34
2026-03-24/2026-03-24_1228.jpg,38,4,34
2026-03-24/2026-03-24_1118.jpg,37,3,34
2026-03-03/2026-03-03_1114.jpg,35,2,33
2026-03-04/2026-03-04_1041.jpg,33,0,33
2026-03-10/2026-03-10_0959.jpg,33,1,32
2026-03-03/2026-03-03_1014.jpg,37,2,35
2026-03-03/2026-03-03_1044.jpg,39,2,37
2026-03-05/2026-03-05_1432.jpg,35,3,32
2026-03-25/2026-03-25_1103.jpg,35,2,33
2026-03-26/2026-03-26_1212.jpg,34,2,32
2026-03-24/2026-03-24_0948.jpg,36,2,34
2026-03-18/2026-03-18_1025.jpg,33,1,32
2026-03-04/2026-03-04_0921.jpg,33,0,33
2026-03-18/2026-03-18_1856.jpg,0,0,0
2026-03-26/2026-03-26_1052.jpg,34,2,32
2026-03-10/2026-03-10_1129.jpg,34,1,33
2026-03-10/2026-03-10_1039.jpg,36,2,34
2026-03-26/2026-03-26_1132.jpg,34,2,32
2026-03-19/2026-03-19_0933.jpg,31,0,31
2026-03-26/2026-03-26_1202.jpg,35,2,33
2026-03-09/2026-03-09_1219.jpg,38,5,33
2026-03-05/2026-03-05_1422.jpg,36,3,33
2026-03-05/2026-03-05_0942.jpg,35,2,33
2026-03-26/2026-03-26_1312.jpg,33,2,31
2026-03-19/2026-03-19_1423.jpg,36,2,34
2026-03-11/2026-03-11_1122.jpg,36,2,34
2026-03-10/2026-03-10_0919.jpg,32,0,32
2026-03-10/2026-03-10_0939.jpg,33,0,33
2026-02-27/2026-02-27_1041.jpg,31,0,31
2026-03-09/2026-03-09_1209.jpg,39,6,33
2026-03-02/2026-03-02_1002.jpg,34,2,32
2026-03-06/2026-03-06_0923.jpg,32,0,32
2026-03-06/2026-03-06_1123.jpg,31,0,31
2026-03-09/2026-03-09_0949.jpg,35,3,32
2026-03-19/2026-03-19_1143.jpg,35,2,33
2026-03-26/2026-03-26_1322.jpg,33,2,31
2026-03-11/2026-03-11_1142.jpg,35,0,35
2026-03-02/2026-03-02_1212.jpg,36,4,32
2026-03-24/2026-03-24_1048.jpg,36,3,33
2026-03-19/2026-03-19_1333.jpg,34,1,33
2026-03-20/2026-03-20_0920.jpg,29,0,29
2026-03-19/2026-03-19_1443.jpg,33,1,32
2026-03-06/2026-03-06_1113.jpg,32,0,32
2026-03-02/2026-03-02_1102.jpg,35,3,32
2026-03-20/2026-03-20_1040.jpg,29,0,29
2026-03-26/2026-03-26_1022.jpg,34,2,32
2026-03-04/2026-03-04_0951.jpg,32,0,32
2026-03-02/2026-03-02_1142.jpg,34,3,31
2026-02-27/2026-02-27_1021.jpg,33,0,33
2026-03-26/2026-03-26_1002.jpg,35,3,32
2026-03-02/2026-03-02_1243.jpg,37,3,34
2026-02-27/2026-02-27_1111.jpg,32,1,31
2026-03-02/2026-03-02_0932.jpg,31,0,31
2026-03-26/2026-03-26_1332.jpg,32,2,30
2026-03-19/2026-03-19_0943.jpg,32,0,32
2026-03-10/2026-03-10_1049.jpg,36,2,34
2026-03-18/2026-03-18_0945.jpg,33,2,31
2026-03-20/2026-03-20_0940.jpg,30,0,30
2026-03-26/2026-03-26_1012.jpg,35,1,34
2026-03-19/2026-03-19_1113.jpg,33,1,32
2026-03-24/2026-03-24_0918.jpg,33,1,32
2026-03-09/2026-03-09_1229.jpg,39,4,35
2026-03-05/2026-03-05_1232.jpg,36,2,34
2026-03-18/2026-03-18_1015.jpg,33,1,32
2026-03-19/2026-03-19_1353.jpg,34,1,33
2026-03-11/2026-03-11_1132.jpg,37,1,36
2026-03-18/2026-03-18_0925.jpg,32,1,31
2026-03-10/2026-03-10_1400.jpg,32,0,32
2026-02-26/2026-02-26_0919.jpg,33,1,32
2026-03-24/2026-03-24_1218.jpg,38,3,35
2026-03-19/2026-03-19_1253.jpg,34,1,33
2026-02-27/2026-02-27_1121.jpg,31,0,31
2026-03-03/2026-03-03_1034.jpg,39,2,37
2026-03-25/2026-03-25_1113.jpg,34,1,33
2026-03-19/2026-03-19_0923.jpg,32,0,32
2026-03-19/2026-03-19_1223.jpg,34,0,34
2026-03-09/2026-03-09_1009.jpg,35,3,32
2026-03-03/2026-03-03_0934.jpg,35,1,34
2026-03-11/2026-03-11_1352.jpg,33,1,32
2026-03-19/2026-03-19_1233.jpg,35,1,34
2026-03-06/2026-03-06_1804.jpg,2,0,2
2026-03-24/2026-03-24_1138.jpg,35,2,33
2026-03-05/2026-03-05_1352.jpg,37,4,33
2026-03-09/2026-03-09_1149.jpg,38,4,34
2026-03-05/2026-03-05_1142.jpg,33,2,31
2026-03-24/2026-03-24_1058.jpg,37,3,34
2026-03-05/2026-03-05_0932.jpg,33,1,32
2026-03-24/2026-03-24_1158.jpg,37,3,34
2026-03-17/2026-03-17_0913.jpg,33,0,33
2026-03-26/2026-03-26_0932.jpg,34,2,32
2026-03-13/2026-03-13_1109.jpg,32,1,31
2026-03-02/2026-03-02_1052.jpg,34,2,32
2026-03-05/2026-03-05_1332.jpg,37,3,34
2026-03-05/2026-03-05_1252.jpg,37,3,34
2026-02-24/2026-02-24 13_15_29.jpg,34,2,32
2026-03-25/2026-03-25_0943.jpg,33,2,31
2026-02-24/2026-02-24 09_55_23.jpg,34,1,33
2026-03-18/2026-03-18_1005.jpg,34,1,33
2026-03-20/2026-03-20_0720.jpg,11,0,11
2026-03-11/2026-03-11_1402.jpg,33,1,32
2026-03-24/2026-03-24_1238.jpg,38,3,35
2026-03-09/2026-03-09_0959.jpg,36,3,33
2026-03-24/2026-03-24_1028.jpg,36,3,33
2026-03-10/2026-03-10_1410.jpg,29,0,29
2026-03-24/2026-03-24_0958.jpg,36,3,33
2026-02-26/2026-02-26_1109.jpg,34,2,32
2026-03-05/2026-03-05_1212.jpg,35,2,33
2026-02-26/2026-02-26_1039.jpg,34,1,33
2026-03-04/2026-03-04_1211.jpg,32,1,31
2026-03-02/2026-03-02_1022.jpg,35,3,32
2026-03-02/2026-03-02_1112.jpg,35,3,32
2026-03-03/2026-03-03_1004.jpg,37,2,35
2026-03-04/2026-03-04_0911.jpg,32,0,32
2026-03-20/2026-03-20_0730.jpg,11,0,11
2026-03-19/2026-03-19_1503.jpg,32,2,30
2026-03-20/2026-03-20_1120.jpg,33,0,33
2026-02-27/2026-02-27_0941.jpg,32,0,32
2026-03-05/2026-03-05_1222.jpg,36,2,34
2026-03-25/2026-03-25_0933.jpg,33,2,31
2026-03-04/2026-03-04_1201.jpg,32,1,31
2026-03-11/2026-03-11_0922.jpg,34,0,34
2026-02-24/2026-02-24 09_05_22.jpg,34,0,34
2026-03-17/2026-03-17_1053.jpg,34,1,33
2026-03-11/2026-03-11_1432.jpg,28,0,28
2026-03-18/2026-03-18_1115.jpg,33,1,32
